<?xml version="1.0" encoding="UTF-8"?>
<project-private xmlns="http://www.netbeans.org/ns/project-private/1">
    <editor-bookmarks xmlns="http://www.netbeans.org/ns/editor-bookmarks/2" lastBookmarkId="0"/>
    <open-files xmlns="http://www.netbeans.org/ns/projectui-open-files/2">
        <group>
            <file>file:/E:/xampp/htdocs/zap/application/modules/api/controllers/regauth.php</file>
            <file>file:/E:/xampp/htdocs/zap/application/config/database.php</file>
            <file>file:/E:/xampp/htdocs/zap/application/modules/employee/views/edit_employee.php</file>
            <file>file:/E:/xampp/htdocs/zap/application/modules/alldashboard/controllers/alldashboard.php</file>
            <file>file:/E:/xampp/htdocs/zap/application/modules/pdfreport/controllers/pdfreport.php</file>
            <file>file:/E:/xampp/htdocs/zap/application/modules/pdfreport/models/pdfreport_model.php</file>
            <file>file:/E:/xampp/htdocs/zap/application/libraries/REST_Controller.php</file>
            <file>file:/E:/xampp/htdocs/zap/application/modules/pdfreport/views/pdfreport.php</file>
            <file>file:/E:/xampp/htdocs/zap/application/config/database-live.php</file>
            <file>file:/E:/xampp/htdocs/zap/application/modules/alldashboard/views/alldashboard.php</file>
            <file>file:/E:/xampp/htdocs/zap/application/modules/api/controllers/ping.php</file>
        </group>
    </open-files>
</project-private>
